Date,streamflow
2019-10-13 08:00:00,0.0
2019-10-13 09:00:00,0.0
2019-10-13 10:00:00,0.0
2019-10-13 11:00:00,0.0
2019-10-13 12:00:00,0.0
2019-10-13 13:00:00,0.0
2019-10-13 14:00:00,0.0
2019-10-13 15:00:00,0.0
2019-10-13 16:00:00,0.0
2019-10-13 17:00:00,0.0
2019-10-13 18:00:00,115.71429889612179
2019-10-13 19:00:00,113.76746563049228
2019-10-13 20:00:00,111.71936149738842
2019-10-13 21:00:00,109.61368780077615
2019-10-13 22:00:00,107.48035250274475
2019-10-13 23:00:00,105.33983555512484
2019-10-14 00:00:00,103.2061665502101
2019-10-14 01:00:00,101.08895627675834
2019-10-14 02:00:00,98.99478321930874
2019-10-14 03:00:00,96.92814022585999
2019-10-14 04:00:00,94.89208125225748
2019-10-14 05:00:00,94.06674635213126
2019-10-14 06:00:00,93.10596256825131
2019-10-14 07:00:00,92.0393132586332
2019-10-14 08:00:00,92.40395199021046
2019-10-14 09:00:00,91.26983690250815
2019-10-14 10:00:00,90.07477526562096
2019-10-14 11:00:00,88.8445993797375
2019-10-14 12:00:00,88.4928289243656
2019-10-14 13:00:00,87.57285461271107
2019-10-14 14:00:00,88.20886379720682
2019-10-14 15:00:00,88.9635666704746
2019-10-14 16:00:00,88.0971996820627
2019-10-14 17:00:00,88.10174479198727
2019-10-14 18:00:00,83.84881437725564
2019-10-14 19:00:00,80.77725170677542
2019-10-14 20:00:00,78.49550059148876
2019-10-14 21:00:00,79.62482063377239
2019-10-14 22:00:00,78.02363244707941
2019-10-14 23:00:00,77.93903612229379
2019-10-15 00:00:00,77.30217736114663
2019-10-15 01:00:00,79.38990963222025
2019-10-15 02:00:00,76.54092056990768
2019-10-15 03:00:00,75.56337168218504
2019-10-15 04:00:00,73.71614139387414
2019-10-15 05:00:00,82.48708554020689
2019-10-15 06:00:00,97.70152252420397
2019-10-15 07:00:00,107.45992124142815
2019-10-15 08:00:00,116.57362893719628
2019-10-15 09:00:00,125.26332423218916
2019-10-15 10:00:00,129.68544365508595
2019-10-15 11:00:00,137.8982268750607
2019-10-15 12:00:00,162.74434456673345
2019-10-15 13:00:00,193.96476039171532
2019-10-15 14:00:00,221.63612814558817
2019-10-15 15:00:00,256.81971658844896
2019-10-15 16:00:00,309.67483298996655
2019-10-15 17:00:00,429.0396988401622
2019-10-15 18:00:00,490.32835961574773
2019-10-15 19:00:00,580.1854170903445
2019-10-15 20:00:00,727.3434356058027
2019-10-15 21:00:00,778.9393491938365
2019-10-15 22:00:00,823.1243302185023
2019-10-15 23:00:00,820.9691228798827
2019-10-16 00:00:00,822.530166979089
2019-10-16 01:00:00,801.8009900080996
2019-10-16 02:00:00,641.3003718578727
2019-10-16 03:00:00,514.136782053198
2019-10-16 04:00:00,418.18936340105176
2019-10-16 05:00:00,407.3910473441654
2019-10-16 06:00:00,382.5078960582772
2019-10-16 07:00:00,353.61346426580815
2019-10-16 08:00:00,337.9479424814782
2019-10-16 09:00:00,358.48978203595533
2019-10-16 10:00:00,392.6442693843405
2019-10-16 11:00:00,403.08495336619785
2019-10-16 12:00:00,413.9115980497272
2019-10-16 13:00:00,396.1001328281071
2019-10-16 14:00:00,364.33522438611385
2019-10-16 15:00:00,339.13562072133203
2019-10-16 16:00:00,327.2665170564322
2019-10-16 17:00:00,316.0546617043653
2019-10-16 18:00:00,291.2532920235879
2019-10-16 19:00:00,274.8166019072434
2019-10-16 20:00:00,263.94455403610834
2019-10-16 21:00:00,256.73833786260843
2019-10-16 22:00:00,251.9129339040303
2019-10-16 23:00:00,248.60119779648
2019-10-17 00:00:00,246.2203324539044
2019-10-17 01:00:00,244.38088914574934
2019-10-17 02:00:00,242.82475941422638
2019-10-17 03:00:00,241.38292889437398
2019-10-17 04:00:00,239.94670167084942
2019-10-17 05:00:00,238.89906209250984
2019-10-17 06:00:00,237.48673623634855
2019-10-17 07:00:00,235.94715273341023
2019-10-17 08:00:00,234.690517062541
2019-10-17 09:00:00,233.55759057948737
2019-10-17 10:00:00,232.43240756692506
2019-10-17 11:00:00,230.86135969358054
2019-10-17 12:00:00,228.6795913221327
2019-10-17 13:00:00,226.08913722497104
2019-10-17 14:00:00,223.80817625125553
2019-10-17 15:00:00,221.67995698227023
2019-10-17 16:00:00,221.8059881610458
2019-10-17 17:00:00,228.13093639879008
2019-10-17 18:00:00,220.19113578100612
2019-10-17 19:00:00,213.89798180960042
2019-10-17 20:00:00,208.70980057020589
2019-10-17 21:00:00,204.25991418208247
2019-10-17 22:00:00,200.3007652323776
2019-10-17 23:00:00,196.66583597889596
2019-10-18 00:00:00,193.2436978504243
2019-10-18 01:00:00,189.96032975955845
2019-10-18 02:00:00,186.76707285055167
2019-10-18 03:00:00,183.63242719520298
2019-10-18 04:00:00,180.53646714478273
2019-10-18 05:00:00,177.68601348723416
2019-10-18 06:00:00,174.7228832198179
2019-10-18 07:00:00,171.77473531190876
2019-10-18 08:00:00,168.8517070057971
2019-10-18 09:00:00,165.89146458444083
2019-10-18 10:00:00,162.97198563540476
2019-10-18 11:00:00,160.00017913590997
2019-10-18 12:00:00,157.05495577902857
2019-10-18 13:00:00,154.13247861688635
2019-10-18 14:00:00,151.19149676451715
2019-10-18 15:00:00,148.26866387513573
2019-10-18 16:00:00,145.38812852800692
2019-10-18 17:00:00,142.54361821703725
2019-10-18 18:00:00,139.69806290364974
2019-10-18 19:00:00,136.90988944526597
2019-10-18 20:00:00,134.17162819877075
2019-10-18 21:00:00,131.47853304981552
2019-10-18 22:00:00,128.82767271949015
2019-10-18 23:00:00,126.2173140556476
2019-10-19 00:00:00,123.6465042174108
2019-10-19 01:00:00,121.11478829986487
2019-10-19 02:00:00,118.62201915029596
2019-10-19 03:00:00,116.1682299003998
2019-10-19 04:00:00,113.75354912771147
2019-10-19 05:00:00,111.37814495958291
2019-10-19 06:00:00,109.04218879567745
2019-10-19 07:00:00,106.74583229867443
2019-10-19 08:00:00,104.48919332978186
2019-10-19 09:00:00,102.2723478871217
2019-10-19 10:00:00,100.0953260465326
2019-10-19 11:00:00,97.95811054588847
2019-10-19 12:00:00,95.86063709113395
2019-10-19 13:00:00,93.80279575997932
2019-10-19 14:00:00,91.78443308194493
2019-10-19 15:00:00,89.80535451144827
2019-10-19 16:00:00,87.86532710450193
2019-10-19 17:00:00,85.98363711956078
2019-10-19 18:00:00,84.11518649519057
2019-10-19 19:00:00,82.2870231269848
2019-10-19 20:00:00,80.49808116776221
2019-10-19 21:00:00,78.74749612475212
2019-10-19 22:00:00,77.03453506610853
2019-10-19 23:00:00,75.3585496757027
2019-10-20 00:00:00,73.71894484266997
2019-10-20 01:00:00,72.11515780232321
2019-10-20 02:00:00,70.5466444333988
2019-10-20 03:00:00,69.01287039927628
2019-10-20 04:00:00,67.51330555877446
2019-10-20 05:00:00,66.04742057509586
2019-10-20 06:00:00,64.62737920645465
2019-10-20 07:00:00,63.233148503440276
2019-10-20 08:00:00,61.876895834138246
2019-10-20 09:00:00,60.57142303087808
2019-10-20 10:00:00,59.31239408117606
2019-10-20 11:00:00,58.10421451682112
2019-10-20 12:00:00,56.906728997881046
2019-10-20 13:00:00,55.77181120645316
2019-10-20 14:00:00,54.763990171498264
2019-10-20 15:00:00,53.69627544930502
2019-10-20 16:00:00,52.68156843023042
2019-10-20 17:00:00,51.7992374534339
2019-10-20 18:00:00,50.54156428312813
2019-10-20 19:00:00,49.389711508344654
2019-10-20 20:00:00,48.31593720319907
2019-10-20 21:00:00,47.30127976958836
2019-10-20 22:00:00,46.332758798834575
2019-10-20 23:00:00,45.40146728997795
2019-10-21 00:00:00,44.50127148683482
2019-10-21 01:00:00,43.62792490900532
2019-10-21 02:00:00,42.77846471903623
2019-10-21 03:00:00,41.9508005385693
2019-10-21 04:00:00,41.143434437927915
2019-10-21 05:00:00,40.62758817466219
2019-10-21 06:00:00,39.8394082591225
2019-10-21 07:00:00,39.05901096905967
2019-10-21 08:00:00,38.30853683481494
2019-10-21 09:00:00,37.593322126995524
2019-10-21 10:00:00,36.91276582930784
2019-10-21 11:00:00,36.27441955610149
2019-10-21 12:00:00,35.69093284254168
2019-10-21 13:00:00,35.14314972222178
2019-10-21 14:00:00,34.54935236685073
2019-10-21 15:00:00,34.040828841358525
2019-10-21 16:00:00,33.66036709658337
2019-10-21 17:00:00,33.289496902034344
2019-10-21 18:00:00,32.52412077891011
2019-10-21 19:00:00,31.85474329861005
2019-10-21 20:00:00,31.252898098663824
2019-10-21 21:00:00,30.699223173826255
2019-10-21 22:00:00,31.152869392945693
2019-10-21 23:00:00,31.56482475860869
2019-10-22 00:00:00,31.645058238846723
2019-10-22 01:00:00,32.033920415739026
2019-10-22 02:00:00,32.128053404264996
2019-10-22 03:00:00,31.17342931830303
2019-10-22 04:00:00,30.0976771278732
2019-10-22 05:00:00,33.029933502613844
2019-10-22 06:00:00,34.31749216733023
2019-10-22 07:00:00,36.54702164453994
2019-10-22 08:00:00,40.04408538173017
2019-10-22 09:00:00,43.50598896663122
2019-10-22 10:00:00,45.345075952651854
2019-10-22 11:00:00,47.676668574471734
2019-10-22 12:00:00,54.167678577385075
2019-10-22 13:00:00,63.97939052312955
2019-10-22 14:00:00,68.77491094273888
2019-10-22 15:00:00,73.9104796183023
2019-10-22 16:00:00,75.35931683523391
2019-10-22 17:00:00,78.392410277716
2019-10-22 18:00:00,65.68976317884788
2019-10-22 19:00:00,57.44484506664698
2019-10-22 20:00:00,52.194015096780824
2019-10-22 21:00:00,48.94238648093519
2019-10-22 22:00:00,47.01446440926249
2019-10-22 23:00:00,45.95233325915525
2019-10-23 00:00:00,45.44625807727465
2019-10-23 01:00:00,45.28738270512652
2019-10-23 02:00:00,45.33549096354676
2019-10-23 03:00:00,45.49703606843947
2019-10-23 04:00:00,45.71016962646517
2019-10-23 05:00:00,46.83510207129122
2019-10-23 06:00:00,47.40562194178167
2019-10-23 07:00:00,47.805928322908066
2019-10-23 08:00:00,48.219215382766755
2019-10-23 09:00:00,48.51896987786027
2019-10-23 10:00:00,48.640376299642355
2019-10-23 11:00:00,48.555981885724385
2019-10-23 12:00:00,48.40402587863201
2019-10-23 13:00:00,49.05122134499468
2019-10-23 14:00:00,49.378042258896905
2019-10-23 15:00:00,48.72386293021723
2019-10-23 16:00:00,48.25489456696034
2019-10-23 17:00:00,47.961298583608816
2019-10-23 18:00:00,47.34965306748176
2019-10-23 19:00:00,46.85279415759484
2019-10-23 20:00:00,46.42432383177346
2019-10-23 21:00:00,46.03348661948858
2019-10-23 22:00:00,45.66013675561936
2019-10-23 23:00:00,45.291310208360706
2019-10-24 00:00:00,44.91889060808781
2019-10-24 01:00:00,44.53802075072583
2019-10-24 02:00:00,44.14602222627715
2019-10-24 03:00:00,43.741661308538184
2019-10-24 04:00:00,43.32465076880339
2019-10-24 05:00:00,42.92329692836706
2019-10-24 06:00:00,42.522113110374406
2019-10-24 07:00:00,42.08641103475587
2019-10-24 08:00:00,41.65999897580813
2019-10-24 09:00:00,41.29724095318448
2019-10-24 10:00:00,40.908939348353556
2019-10-24 11:00:00,40.533719905210724
2019-10-24 12:00:00,40.15624746007515
2019-10-24 13:00:00,39.78619906451343
2019-10-24 14:00:00,39.38933233576538
2019-10-24 15:00:00,38.97535758507319
2019-10-24 16:00:00,38.575717208228944
2019-10-24 17:00:00,38.09828956230189
2019-10-24 18:00:00,37.4218667111774
2019-10-24 19:00:00,36.82153894994134
2019-10-24 20:00:00,36.272272894320054
2019-10-24 21:00:00,35.757259728993645
2019-10-24 22:00:00,35.26527865874224
2019-10-24 23:00:00,34.78890064560821
2019-10-25 00:00:00,34.32326491685596
2019-10-25 01:00:00,33.8652458796136
2019-10-25 02:00:00,33.412886126070696
2019-10-25 03:00:00,32.96501078471056
2019-10-25 04:00:00,32.75117625873773
2019-10-25 05:00:00,37.39737513588346
2019-10-25 06:00:00,45.345766332274636
2019-10-25 07:00:00,51.687522022731
2019-10-25 08:00:00,53.43152000085091
2019-10-25 09:00:00,58.32660526028604
2019-10-25 10:00:00,68.62582976781651
2019-10-25 11:00:00,84.4198454804145
2019-10-25 12:00:00,93.72698649244916
2019-10-25 13:00:00,94.39865432688968
2019-10-25 14:00:00,92.8071799183575
2019-10-25 15:00:00,90.17334468916607
2019-10-25 16:00:00,82.65962836132168
2019-10-25 17:00:00,78.30724569157633
2019-10-25 18:00:00,67.76976431134325
2019-10-25 19:00:00,60.979911581792805
2019-10-25 20:00:00,56.698714828305405
2019-10-25 21:00:00,54.08457899950533
2019-10-25 22:00:00,52.56663470548656
2019-10-25 23:00:00,51.75840755101444
2019-10-26 00:00:00,51.39897434190174
2019-10-26 01:00:00,51.31285686630529
2019-10-26 02:00:00,51.38268881072481
2019-10-26 03:00:00,51.5305898278875
2019-10-26 04:00:00,51.70547496524098
2019-10-26 05:00:00,54.02909069771472
2019-10-26 06:00:00,55.38958820736419
2019-10-26 07:00:00,56.57803542882854
2019-10-26 08:00:00,60.18344900772225
2019-10-26 09:00:00,71.23592043658073
2019-10-26 10:00:00,80.32585981422429
2019-10-26 11:00:00,88.02319543708074
2019-10-26 12:00:00,90.30464000588105
2019-10-26 13:00:00,95.70210444983422
2019-10-26 14:00:00,91.12739277627085
2019-10-26 15:00:00,85.78658048953423
2019-10-26 16:00:00,81.07964458507665
2019-10-26 17:00:00,79.4307914179266
2019-10-26 18:00:00,72.96059884994153
2019-10-26 19:00:00,68.71307860436553
2019-10-26 20:00:00,65.94631146992512
2019-10-26 21:00:00,64.15696501451112
2019-10-26 22:00:00,63.00421238705692
2019-10-26 23:00:00,62.257874697740974
2019-10-27 00:00:00,61.763076407688224
2019-10-27 01:00:00,61.41615739525028
2019-10-27 02:00:00,61.14825843588924
2019-10-27 03:00:00,60.914137376026005
2019-10-27 04:00:00,60.68455079723816
2019-10-27 05:00:00,63.449435962904595
2019-10-27 06:00:00,66.1531796661785
2019-10-27 07:00:00,66.65679738466211
2019-10-27 08:00:00,67.32005840766739
2019-10-27 09:00:00,68.13807608584317
2019-10-27 10:00:00,68.49630125724721
2019-10-27 11:00:00,68.55240154684434
2019-10-27 12:00:00,67.78731753351882
2019-10-27 13:00:00,66.89444044927886
2019-10-27 14:00:00,66.59080607035578
2019-10-27 15:00:00,65.32019209703448
2019-10-27 16:00:00,64.23767282712288
2019-10-27 17:00:00,63.320083096713255
2019-10-27 18:00:00,61.54504319850127
2019-10-27 19:00:00,60.24194483544123
2019-10-27 20:00:00,59.246552259644126
2019-10-27 21:00:00,58.44811926446421
2019-10-27 22:00:00,57.772289391134734
2019-10-27 23:00:00,57.169442944283176
2019-10-28 00:00:00,56.60675692621142
2019-10-28 01:00:00,56.06279589482309
2019-10-28 02:00:00,55.5238279804781
2019-10-28 03:00:00,54.98131677561337
2019-10-28 04:00:00,54.43021465383209
2019-10-28 05:00:00,53.995490237690284
2019-10-28 06:00:00,53.61849717258225
2019-10-28 07:00:00,53.070559466297865
2019-10-28 08:00:00,52.50797397761731
2019-10-28 09:00:00,51.98658057516569
2019-10-28 10:00:00,51.44402854850652
2019-10-28 11:00:00,50.84836351513341
2019-10-28 12:00:00,50.2544725455595
2019-10-28 13:00:00,49.68028552579815
2019-10-28 14:00:00,49.056441812944534
2019-10-28 15:00:00,48.42130492814056
2019-10-28 16:00:00,47.783621213771795
2019-10-28 17:00:00,47.171695648487
2019-10-28 18:00:00,46.39549675123571
2019-10-28 19:00:00,45.67223761598119
2019-10-28 20:00:00,44.98463480696732
2019-10-28 21:00:00,44.32120980042536
2019-10-28 22:00:00,43.67441842062991
2019-10-28 23:00:00,43.039377012126444
2019-10-29 00:00:00,42.41299533890127
2019-10-29 01:00:00,41.793386683522336
2019-10-29 02:00:00,41.17946685029618
2019-10-29 03:00:00,40.570681883799686
2019-10-29 04:00:00,39.96682347494021
2019-10-29 05:00:00,39.36790408859286
2019-10-29 06:00:00,38.79191553743234
2019-10-29 07:00:00,38.21284455656962
2019-10-29 08:00:00,37.62222990209814
2019-10-29 09:00:00,37.040375867479135
2019-10-29 10:00:00,36.466619230057816
2019-10-29 11:00:00,35.91051183377944
2019-10-29 12:00:00,35.34912488663992
2019-10-29 13:00:00,34.815385594376586
2019-10-29 14:00:00,34.26522670165489
2019-10-29 15:00:00,33.74301989671341
2019-10-29 16:00:00,33.22035969067343
2019-10-29 17:00:00,32.70812917407103
2019-10-29 18:00:00,32.18573293711573
2019-10-29 19:00:00,31.675410585104547
2019-10-29 20:00:00,31.175851009128692
2019-10-29 21:00:00,30.686179057999784
2019-10-29 22:00:00,30.205811806708756
2019-10-29 23:00:00,29.734360932213594
2019-10-30 00:00:00,29.271566500100356
2019-10-30 01:00:00,28.81725214454747
2019-10-30 02:00:00,28.371294813597
2019-10-30 03:00:00,27.933604426038766
2019-10-30 04:00:00,27.50411026839943
2019-10-30 05:00:00,27.10075728464731
2019-10-30 06:00:00,26.69859656047193
2019-10-30 07:00:00,26.285264522653762
2019-10-30 08:00:00,25.898732982189397
2019-10-30 09:00:00,25.50991207498788
2019-10-30 10:00:00,25.15693939270755
2019-10-30 11:00:00,24.794257605946978
2019-10-30 12:00:00,24.452352846432454
2019-10-30 13:00:00,24.119088579540144
2019-10-30 14:00:00,23.75227044411003
2019-10-30 15:00:00,23.40407857954277
2019-10-30 16:00:00,23.062819262912665
2019-10-30 17:00:00,22.73782151030498
2019-10-30 18:00:00,22.40931289653859
2019-10-30 19:00:00,22.092546912323126
2019-10-30 20:00:00,21.785713108619024
2019-10-30 21:00:00,21.487557240098923
2019-10-30 22:00:00,21.197203097061436
2019-10-30 23:00:00,20.914031162502823
2019-10-31 00:00:00,20.63759599995395
2019-10-31 01:00:00,20.36757003740976
2019-10-31 02:00:00,20.10370533910056
2019-10-31 03:00:00,19.84580763350577
2019-10-31 04:00:00,19.593718690684053
2019-10-31 05:00:00,19.34730438586945
2019-10-31 06:00:00,19.106446634224607
2019-10-31 07:00:00,18.8710379596739
2019-10-31 08:00:00,18.640977854772167
2019-10-31 09:00:00,18.430465491942833
2019-10-31 10:00:00,18.23004121321995
2019-10-31 11:00:00,18.035274402543024
2019-10-31 12:00:00,17.84810338947958
2019-10-31 13:00:00,17.6984790474497
2019-10-31 14:00:00,17.580077615298986
2019-10-31 15:00:00,17.453914007814696
2019-10-31 16:00:00,17.361590566319954
2019-10-31 17:00:00,17.259734973839425
2019-10-31 18:00:00,16.97429284983207
2019-10-31 19:00:00,16.736295543883344
2019-10-31 20:00:00,17.074183080599056
2019-10-31 21:00:00,18.143423833002824
2019-10-31 22:00:00,17.461420581401516
2019-10-31 23:00:00,16.983103442579903
2019-11-01 00:00:00,16.641945262422755
2019-11-01 01:00:00,16.392743669719817
2019-11-01 02:00:00,16.20482433307255
2019-11-01 03:00:00,16.057408075859545
2019-11-01 04:00:00,15.936453083096863
2019-11-01 05:00:00,15.912520922422283
2019-11-01 06:00:00,15.808294247998983
2019-11-01 07:00:00,15.722041570198998
2019-11-01 08:00:00,15.671455648382423
2019-11-01 09:00:00,15.62402406638509
2019-11-01 10:00:00,15.557036344192602
2019-11-01 11:00:00,15.634255712237245
2019-11-01 12:00:00,16.691855359105276
2019-11-01 13:00:00,16.763784062846938
2019-11-01 14:00:00,17.029855754654385
2019-11-01 15:00:00,17.6402979529228
2019-11-01 16:00:00,17.022469686800306
2019-11-01 17:00:00,16.74270052935047
2019-11-01 18:00:00,16.335760238449286
2019-11-01 19:00:00,16.073812694081518
2019-11-01 20:00:00,15.90701431045378
2019-11-01 21:00:00,15.801650479171595
2019-11-01 22:00:00,15.734986537459845
2019-11-01 23:00:00,15.691758450962825
2019-11-02 00:00:00,15.661781260334514
2019-11-02 01:00:00,15.638319475979602
2019-11-02 02:00:00,15.61697686077089
2019-11-02 03:00:00,15.594940247564015
2019-11-02 04:00:00,15.570464670819737
2019-11-02 05:00:00,15.552991849283297
2019-11-02 06:00:00,15.548608935721928
2019-11-02 07:00:00,15.597077106434964
2019-11-02 08:00:00,15.72882539725355
2019-11-02 09:00:00,15.968307983568504
2019-11-02 10:00:00,16.39750564382298
2019-11-02 11:00:00,16.891759104405267
2019-11-02 12:00:00,17.313894959458484
2019-11-02 13:00:00,17.549422202286266
2019-11-02 14:00:00,17.642747088437154
2019-11-02 15:00:00,17.596520831590187
2019-11-02 16:00:00,17.604558776795283
2019-11-02 17:00:00,17.630965693567717
2019-11-02 18:00:00,17.090189636250358
2019-11-02 19:00:00,16.749569618595643
2019-11-02 20:00:00,16.540521213782704
2019-11-02 21:00:00,16.416628084062463
2019-11-02 22:00:00,16.34656666167109
2019-11-02 23:00:00,16.309283880101386
2019-11-03 00:00:00,16.29071077394546
2019-11-03 01:00:00,16.28152304178228
2019-11-03 02:00:00,16.27561528408
2019-11-03 03:00:00,16.26906171356525
2019-11-03 04:00:00,16.25940845465649
2019-11-03 05:00:00,16.338768599229528
2019-11-03 06:00:00,16.382493934636674
2019-11-03 07:00:00,16.394277449054908
2019-11-03 08:00:00,16.39238297516691
2019-11-03 09:00:00,16.3577406959108
2019-11-03 10:00:00,16.315210686857295
2019-11-03 11:00:00,16.28458558000242
2019-11-03 12:00:00,16.239397859375543
2019-11-03 13:00:00,16.184141824895228
2019-11-03 14:00:00,16.1258375390464
2019-11-03 15:00:00,16.059970735800047
2019-11-03 16:00:00,15.990323647696588
2019-11-03 17:00:00,15.925064763387827
2019-11-03 18:00:00,15.833297750025407
2019-11-03 19:00:00,15.749741316386178
2019-11-03 20:00:00,15.670827213518093
2019-11-03 21:00:00,15.594225910320734
2019-11-03 22:00:00,15.5184456793966
2019-11-03 23:00:00,15.442559661332371
2019-11-04 00:00:00,15.366020153406641
2019-11-04 01:00:00,15.288532341403448
2019-11-04 02:00:00,15.20996853673633
2019-11-04 03:00:00,15.130310009737652
2019-11-04 04:00:00,15.049607619699222
2019-11-04 05:00:00,14.996088399594408
2019-11-04 06:00:00,14.960508332946091
2019-11-04 07:00:00,14.896581527575737
2019-11-04 08:00:00,14.815222193058938
2019-11-04 09:00:00,14.733117352290302
2019-11-04 10:00:00,14.657124200160926
2019-11-04 11:00:00,14.578746240187087
2019-11-04 12:00:00,14.495374241001663
2019-11-04 13:00:00,14.421381989890175
2019-11-04 14:00:00,14.36768444890313
2019-11-04 15:00:00,14.316920144148675
2019-11-04 16:00:00,14.258762303412762
2019-11-04 17:00:00,14.207039802212869
2019-11-04 18:00:00,14.083899924230678
2019-11-04 19:00:00,13.978770243530073
2019-11-04 20:00:00,13.885778924291987
2019-11-04 21:00:00,13.800963201497378
2019-11-04 22:00:00,13.721658827690675
2019-11-04 23:00:00,13.646084023661674
2019-11-05 00:00:00,13.57305601484274
2019-11-05 01:00:00,13.501797943785792
2019-11-05 02:00:00,13.43180738453757
2019-11-05 03:00:00,13.362766843758621
2019-11-05 04:00:00,13.294482877187173
2019-11-05 05:00:00,13.40991922223826
2019-11-05 06:00:00,13.458204169499352
2019-11-05 07:00:00,13.459943619788492
2019-11-05 08:00:00,13.468662786231238
2019-11-05 09:00:00,13.570467880553508
2019-11-05 10:00:00,13.590287192363554
2019-11-05 11:00:00,13.657768071074075
2019-11-05 12:00:00,13.66819005247483
2019-11-05 13:00:00,13.780160444633488
2019-11-05 14:00:00,13.903364773668859
2019-11-05 15:00:00,13.893178937532252
2019-11-05 16:00:00,13.843247939626126
2019-11-05 17:00:00,13.880766843702649
2019-11-05 18:00:00,13.603454246974337
2019-11-05 19:00:00,13.422800913000124
2019-11-05 20:00:00,13.305968254839867
2019-11-05 21:00:00,13.230718507927882
2019-11-05 22:00:00,13.182031957501566
2019-11-05 23:00:00,13.14980133679295
2019-11-06 00:00:00,13.12726051698754
2019-11-06 01:00:00,13.109913746968356
2019-11-06 02:00:00,13.09480610031968
2019-11-06 03:00:00,13.08002650567297
2019-11-06 04:00:00,13.064369311677163
2019-11-06 05:00:00,13.211690455096422
2019-11-06 06:00:00,13.183993852333094
2019-11-06 07:00:00,13.156293137176325
2019-11-06 08:00:00,13.162909355314797
2019-11-06 09:00:00,13.17739592563201
2019-11-06 10:00:00,13.274490671005136
2019-11-06 11:00:00,13.357224760031654
2019-11-06 12:00:00,13.420784504904715
2019-11-06 13:00:00,13.530238972774912
2019-11-06 14:00:00,13.637718013252753
2019-11-06 15:00:00,13.758235402635147
2019-11-06 16:00:00,14.303105130800786
2019-11-06 17:00:00,14.24323422233941
2019-11-06 18:00:00,13.863746983613208
2019-11-06 19:00:00,13.617014594867051
2019-11-06 20:00:00,13.45841080511018
2019-11-06 21:00:00,13.357680251917829
2019-11-06 22:00:00,13.294354716939598
2019-11-06 23:00:00,13.254628863779658
2019-11-07 00:00:00,13.22923088973045
2019-11-07 01:00:00,13.211971392852266
2019-11-07 02:00:00,13.198754559914143
2019-11-07 03:00:00,13.186904499503173
2019-11-07 04:00:00,13.174706390662488
2019-11-07 05:00:00,13.187241395774349
2019-11-07 06:00:00,13.186378883922213
2019-11-07 07:00:00,13.17792416274869
2019-11-07 08:00:00,13.16464228755908
2019-11-07 09:00:00,13.144476574050962
2019-11-07 10:00:00,13.117616505163264
2019-11-07 11:00:00,13.100880962359662
2019-11-07 12:00:00,13.055393559653078
2019-11-07 13:00:00,13.025567009212631
2019-11-07 14:00:00,12.9968855381078
2019-11-07 15:00:00,12.962177445386924
2019-11-07 16:00:00,12.925735900925796
2019-11-07 17:00:00,12.888877319614194
2019-11-07 18:00:00,12.842790126813108
2019-11-07 19:00:00,12.798702428841391
2019-11-07 20:00:00,12.755644967585155
2019-11-07 21:00:00,12.713000219287052
2019-11-07 22:00:00,12.670387558149589
2019-11-07 23:00:00,12.62758513435127
2019-11-08 00:00:00,12.584476771962386
2019-11-08 01:00:00,12.54101591496155
2019-11-08 02:00:00,12.497201187334309
2019-11-08 03:00:00,12.453059863238016
2019-11-08 04:00:00,12.408636722553089
2019-11-08 05:00:00,12.374959007169185
2019-11-08 06:00:00,12.351724916096641
2019-11-08 07:00:00,12.31846548052943
2019-11-08 08:00:00,12.290798535958128
2019-11-08 09:00:00,12.256083789808804
2019-11-08 10:00:00,12.213659816073866
2019-11-08 11:00:00,12.17609418314615
2019-11-08 12:00:00,12.122589559844346
2019-11-08 13:00:00,12.081898515663722
2019-11-08 14:00:00,12.032762942613664
2019-11-08 15:00:00,11.991595610785511
2019-11-08 16:00:00,11.946116775361793
2019-11-08 17:00:00,11.903752499682424
2019-11-08 18:00:00,11.8556592393434
2019-11-08 19:00:00,11.811134644224854
2019-11-08 20:00:00,11.769073227982945
2019-11-08 21:00:00,11.72873519059728
2019-11-08 22:00:00,11.689628911333175
2019-11-08 23:00:00,11.651430910120663
2019-11-09 00:00:00,11.613931347810716
2019-11-09 01:00:00,11.57699693304004
2019-11-09 02:00:00,11.540545692054037
2019-11-09 03:00:00,11.504529822509069
2019-11-09 04:00:00,11.468924055256132
2019-11-09 05:00:00,11.433717768181328
2019-11-09 06:00:00,11.39890965522062
2019-11-09 07:00:00,11.364504134762347
2019-11-09 08:00:00,11.33050894143996
2019-11-09 09:00:00,11.296933522410978
2019-11-09 10:00:00,11.263787979937723
2019-11-09 11:00:00,11.231082384375043
2019-11-09 12:00:00,11.205634656119287
2019-11-09 13:00:00,11.17975937710635
2019-11-09 14:00:00,11.167291086086983
2019-11-09 15:00:00,11.127315005102197
2019-11-09 16:00:00,11.105269893815622
2019-11-09 17:00:00,11.067549345051699
2019-11-09 18:00:00,11.033310613948899
2019-11-09 19:00:00,11.00156246569198
2019-11-09 20:00:00,10.971631805662435
2019-11-09 21:00:00,10.943062050686382
2019-11-09 22:00:00,10.915543872695178
2019-11-09 23:00:00,10.888868009497644
2019-11-10 00:00:00,10.86289311753758
2019-11-10 01:00:00,10.837523877625934
2019-11-10 02:00:00,10.812696089010155
2019-11-10 03:00:00,10.78836652631644
2019-11-10 04:00:00,10.764506042309359
2019-11-10 05:00:00,10.763647549822311
2019-11-10 06:00:00,10.759209274523787
2019-11-10 07:00:00,10.759703170525844
2019-11-10 08:00:00,10.748892830486778
2019-11-10 09:00:00,10.739339793604378
2019-11-10 10:00:00,10.751777374285338
2019-11-10 11:00:00,10.752008696916919
2019-11-10 12:00:00,10.722036782817812
2019-11-10 13:00:00,10.691581700174
2019-11-10 14:00:00,10.659889259800437
2019-11-10 15:00:00,10.631992257630488
2019-11-10 16:00:00,10.610719690405347
2019-11-10 17:00:00,10.593938632318034
2019-11-10 18:00:00,10.569060580827143
2019-11-10 19:00:00,10.548691187938777
2019-11-10 20:00:00,10.531320908479863
2019-11-10 21:00:00,10.51593100743151
2019-11-10 22:00:00,10.501836642706394
2019-11-10 23:00:00,10.488579932984193
2019-11-11 00:00:00,10.475857098647847
2019-11-11 01:00:00,10.46346882862713
2019-11-11 02:00:00,10.451286478638103
2019-11-11 03:00:00,10.439229060020937
2019-11-11 04:00:00,10.427247582918069
2019-11-11 05:00:00,10.415314411356697
2019-11-11 06:00:00,10.403416033461781
2019-11-11 07:00:00,10.391548158345122
2019-11-11 08:00:00,10.379712397737286
2019-11-11 09:00:00,10.367914026651373
2019-11-11 10:00:00,10.356160478398737
2019-11-11 11:00:00,10.344460339049295
2019-11-11 12:00:00,10.332822681258738
2019-11-11 13:00:00,10.321256628393801
2019-11-11 14:00:00,10.309771074657046
2019-11-11 15:00:00,10.298374510612861
2019-11-11 16:00:00,10.287074919670593
2019-11-11 17:00:00,10.275879722090652
2019-11-11 18:00:00,10.264795750582442
2019-11-11 19:00:00,10.253829246675867
2019-11-11 20:00:00,10.24298587053134
2019-11-11 21:00:00,10.23227071922573
2019-11-11 22:00:00,10.221688350167208
2019-11-11 23:00:00,10.21124280739135
2019-11-12 00:00:00,10.200937649238606
2019-11-12 01:00:00,10.190775976421428
2019-11-12 02:00:00,10.18076045983404
2019-11-12 03:00:00,10.170893367691557
2019-11-12 04:00:00,10.161176591742842
2019-11-12 05:00:00,10.151611672407848
2019-11-12 06:00:00,10.16234480155075
2019-11-12 07:00:00,10.157616171230865
2019-11-12 08:00:00,10.151214196674957
2019-11-12 09:00:00,10.14149953933582
2019-11-12 10:00:00,10.14377562243597
2019-11-12 11:00:00,10.192013184998379
2019-11-12 12:00:00,10.321933777797309
2019-11-12 13:00:00,10.443407109813656
2019-11-12 14:00:00,10.491127805043355
2019-11-12 15:00:00,10.544708114957226
2019-11-12 16:00:00,10.52235819504978
2019-11-12 17:00:00,10.463212874455593
2019-11-12 18:00:00,10.370929084906898
2019-11-12 19:00:00,10.313205446020214
2019-11-12 20:00:00,10.278445281624686
2019-11-12 21:00:00,10.2587818084501
2019-11-12 22:00:00,10.248888770123411
2019-11-12 23:00:00,10.245169751380898
2019-11-13 00:00:00,10.245205635612148
2019-11-13 01:00:00,10.247378035133666
2019-11-13 02:00:00,10.250612678155823
2019-11-13 03:00:00,10.254204566155469
2019-11-13 04:00:00,10.257698870026115
2019-11-13 05:00:00,10.403828672275491
2019-11-13 06:00:00,10.739540990764237
2019-11-13 07:00:00,11.057873746677476
2019-11-13 08:00:00,11.15473820420076
2019-11-13 09:00:00,11.213349520122616
2019-11-13 10:00:00,11.238188293440004
2019-11-13 11:00:00,11.375070305528396
2019-11-13 12:00:00,11.518275170382514
2019-11-13 13:00:00,11.821583006546756
2019-11-13 14:00:00,12.217511084560229
2019-11-13 15:00:00,12.634595116009145
2019-11-13 16:00:00,12.795309544846472
2019-11-13 17:00:00,12.845904890026992
2019-11-13 18:00:00,12.310275654779783
2019-11-13 19:00:00,11.980196559871104
2019-11-13 20:00:00,11.78689165137439
2019-11-13 21:00:00,11.683686174716275
2019-11-13 22:00:00,11.638960316610873
2019-11-13 23:00:00,11.631346324119995
2019-11-14 00:00:00,11.646454919910674
2019-11-14 01:00:00,11.674644220953018
2019-11-14 02:00:00,11.709499311865926
2019-11-14 03:00:00,11.746796250500882
2019-11-14 04:00:00,11.78379628957786
2019-11-14 05:00:00,11.834752744154585
2019-11-14 06:00:00,11.869843030639666
2019-11-14 07:00:00,11.892394699030287
2019-11-14 08:00:00,11.912944973080787
2019-11-14 09:00:00,11.930746037989545
2019-11-14 10:00:00,11.945387894196173
2019-11-14 11:00:00,11.956685038783563
2019-11-14 12:00:00,11.964599524820791
2019-11-14 13:00:00,11.969188803938277
2019-11-14 14:00:00,11.970570448734005
2019-11-14 15:00:00,11.968898367961778
2019-11-14 16:00:00,11.96434684283077
2019-11-14 17:00:00,11.967940040190904
2019-11-14 18:00:00,11.954895513691115
2019-11-14 19:00:00,11.940672090379138
2019-11-14 20:00:00,11.925077517064649
2019-11-14 21:00:00,11.908031900329552
2019-11-14 22:00:00,11.889528773575735
2019-11-14 23:00:00,11.869608730191926
2019-11-15 00:00:00,11.848341614081814
2019-11-15 01:00:00,11.825814535211672
2019-11-15 02:00:00,11.802123847955395
2019-11-15 03:00:00,11.77736982316013
2019-11-15 04:00:00,11.751653149186504
2019-11-15 05:00:00,11.736351963931487
2019-11-15 06:00:00,11.705582442484513
2019-11-15 07:00:00,11.675327810603882
2019-11-15 08:00:00,11.645287461080208
2019-11-15 09:00:00,11.615279794316212
2019-11-15 10:00:00,11.585202724150058
2019-11-15 11:00:00,11.55500684687962
2019-11-15 12:00:00,11.524677237975618
2019-11-15 13:00:00,11.494221125696043
2019-11-15 14:00:00,11.463659566608047
2019-11-15 15:00:00,11.433021845046618
2019-11-15 16:00:00,11.402341725523131
2019-11-15 17:00:00,11.371654964529787
2019-11-15 18:00:00,11.34099767730399
2019-11-15 19:00:00,11.310405284029907
2019-11-15 20:00:00,11.279911847826376
2019-11-15 21:00:00,11.249549676764458
2019-11-15 22:00:00,11.219349102979734
2019-11-15 23:00:00,11.189338379765102
2019-11-16 00:00:00,11.1595436564878
2019-11-16 01:00:00,11.129989004090902
2019-11-16 02:00:00,11.10069647273808
2019-11-16 03:00:00,11.07168616915195
2019-11-16 04:00:00,11.042976345274575
2019-11-16 05:00:00,11.014583492653058
2019-11-16 06:00:00,10.986522438838866
2019-11-16 07:00:00,10.958806443369802
2019-11-16 08:00:00,10.931447291771137
2019-11-16 09:00:00,10.904455386599308
2019-11-16 10:00:00,10.87783983494693
2019-11-16 11:00:00,10.851608532093225
2019-11-16 12:00:00,10.825768241160649
2019-11-16 13:00:00,10.800324668755174
2019-11-16 14:00:00,10.775282536643411
2019-11-16 15:00:00,10.750645649567995
2019-11-16 16:00:00,10.726416959332076
2019-11-16 17:00:00,10.702598625300752
2019-11-16 18:00:00,10.679192071475832
2019-11-16 19:00:00,10.65619804030327
2019-11-16 20:00:00,10.633616643371903
2019-11-16 21:00:00,10.611447409159148
2019-11-16 22:00:00,10.589689327974718
2019-11-16 23:00:00,10.568340894248083
2019-11-17 00:00:00,10.54740014629945
2019-11-17 01:00:00,10.526864703727993
2019-11-17 02:00:00,10.506731802544806
2019-11-17 03:00:00,10.486998328172152
2019-11-17 04:00:00,10.467660846424423
2019-11-17 05:00:00,10.448715632580639
2019-11-17 06:00:00,10.442743524324179
2019-11-17 07:00:00,10.45332951781541
2019-11-17 08:00:00,10.46615595005198
2019-11-17 09:00:00,10.517343726749997
2019-11-17 10:00:00,10.548444358652626
2019-11-17 11:00:00,10.571527299997102
2019-11-17 12:00:00,10.545873422395653
2019-11-17 13:00:00,10.499312218620444
2019-11-17 14:00:00,10.460284574281314
2019-11-17 15:00:00,10.432534039489266
2019-11-17 16:00:00,10.413003301364379
2019-11-17 17:00:00,10.441113988970057
2019-11-17 18:00:00,10.396670369966289
2019-11-17 19:00:00,10.365229891195767
2019-11-17 20:00:00,10.342469964247014
2019-11-17 21:00:00,11.834581785406918
2019-11-17 22:00:00,11.666024400492393
2019-11-17 23:00:00,11.262949457998712
2019-11-18 00:00:00,11.000759579121448
2019-11-18 01:00:00,10.833321361142039
2019-11-18 02:00:00,10.729267503161752
2019-11-18 03:00:00,10.667292303092093
2019-11-18 04:00:00,10.632944801572297
2019-11-18 05:00:00,11.970267022639117
2019-11-18 06:00:00,12.820337358666652
2019-11-18 07:00:00,13.750749475244701
2019-11-18 08:00:00,14.498621519760247
2019-11-18 09:00:00,15.037026082027046
2019-11-18 10:00:00,15.314713399633339
2019-11-18 11:00:00,15.735005312009203
2019-11-18 12:00:00,15.863587977766674
2019-11-18 13:00:00,15.986375021213277
2019-11-18 14:00:00,16.024783940624822
2019-11-18 15:00:00,15.822914123576542
2019-11-18 16:00:00,15.608259699913368
2019-11-18 17:00:00,15.543073022129299
2019-11-18 18:00:00,14.765740843463524
2019-11-18 19:00:00,14.298629575826851
2019-11-18 20:00:00,14.036622408956141
2019-11-18 21:00:00,13.908466237653844
2019-11-18 22:00:00,13.865970569644109
2019-11-18 23:00:00,13.87664551884808
2019-11-19 00:00:00,13.918684188998457
2019-11-19 01:00:00,13.977543188788983
2019-11-19 02:00:00,14.043612551212034
2019-11-19 03:00:00,14.110628256560972
2019-11-19 04:00:00,14.17459094516251
2019-11-19 05:00:00,14.265943268829758
2019-11-19 06:00:00,14.361625022089815
2019-11-19 07:00:00,14.423165311290184
2019-11-19 08:00:00,14.46107410825912
2019-11-19 09:00:00,14.497936228530627
2019-11-19 10:00:00,14.537528723902877
2019-11-19 11:00:00,14.560676121995783
2019-11-19 12:00:00,14.592598181484709
2019-11-19 13:00:00,14.581248488263606
2019-11-19 14:00:00,14.546618789456364
2019-11-19 15:00:00,14.507467381547295
2019-11-19 16:00:00,14.48068484926934
2019-11-19 17:00:00,14.463137074924552
2019-11-19 18:00:00,14.422684218926769
2019-11-19 19:00:00,14.383232161772408
2019-11-19 20:00:00,14.34331440970055
2019-11-19 21:00:00,14.302036451378232
2019-11-19 22:00:00,14.25888715640478
2019-11-19 23:00:00,14.213610564184307
2019-11-20 00:00:00,14.166118822620684
2019-11-20 01:00:00,14.116433161160797
2019-11-20 02:00:00,14.064643958171452
2019-11-20 03:00:00,14.010883809032125
2019-11-20 04:00:00,13.95530944169299
2019-11-20 05:00:00,13.898089649169671
2019-11-20 06:00:00,13.839397310117054
2019-11-20 07:00:00,13.77940418326346
2019-11-20 08:00:00,13.735123550209908
2019-11-20 09:00:00,13.685410613828111
2019-11-20 10:00:00,13.640694282798043
2019-11-20 11:00:00,13.582565519658976
2019-11-20 12:00:00,13.514714153261608
2019-11-20 13:00:00,13.461851890083366
2019-11-20 14:00:00,13.404176112372179
2019-11-20 15:00:00,13.356777808535606
2019-11-20 16:00:00,13.288263337559288
2019-11-20 17:00:00,13.217641312043625
2019-11-20 18:00:00,13.137078664116363
2019-11-20 19:00:00,13.06283943338441
2019-11-20 20:00:00,12.992942910706649
2019-11-20 21:00:00,12.926063086856999
2019-11-20 22:00:00,12.861318344633847
2019-11-20 23:00:00,12.798128205358363
2019-11-21 00:00:00,12.736115780629127
2019-11-21 01:00:00,12.675041375791679
2019-11-21 02:00:00,12.61475732417042
2019-11-21 03:00:00,12.555177289165343
2019-11-21 04:00:00,12.496255424170988
2019-11-21 05:00:00,12.437972247878387
2019-11-21 06:00:00,12.388174039687259
2019-11-21 07:00:00,12.341320559185013
2019-11-21 08:00:00,12.279592873930238
2019-11-21 09:00:00,12.234623121020382
2019-11-21 10:00:00,12.184561786325213
2019-11-21 11:00:00,12.122586419034196
2019-11-21 12:00:00,12.076007610383195
2019-11-21 13:00:00,12.033642986450955
2019-11-21 14:00:00,11.984501721748861
2019-11-21 15:00:00,11.931821763778172
2019-11-21 16:00:00,11.872839569211905
2019-11-21 17:00:00,11.817933507707258
2019-11-21 18:00:00,11.766016559384475
2019-11-21 19:00:00,11.716351705319061
2019-11-21 20:00:00,11.668439921406854
2019-11-21 21:00:00,11.621943864064718
2019-11-21 22:00:00,11.576635884979744
2019-11-21 23:00:00,11.53236262893423
2019-11-22 00:00:00,11.48902093433681
2019-11-22 01:00:00,11.446541436904003
2019-11-22 02:00:00,11.404877422754167
2019-11-22 03:00:00,11.363997258282787
2019-11-22 04:00:00,11.323879256669475
2019-11-22 05:00:00,11.284508203858492
2019-11-22 06:00:00,11.245873014304141
2019-11-22 07:00:00,11.207965155456069
2019-11-22 08:00:00,11.17837516831588
2019-11-22 09:00:00,11.147258884068732
2019-11-22 10:00:00,11.107645552178667
2019-11-22 11:00:00,11.070082613118839
2019-11-22 12:00:00,11.034125110381794
2019-11-22 13:00:00,10.999468169197867
2019-11-22 14:00:00,10.965902239857277
2019-11-22 15:00:00,10.933282602035266
2019-11-22 16:00:00,10.913073450890359
2019-11-22 17:00:00,10.888005476431559
2019-11-22 18:00:00,10.852551363908505
2019-11-22 19:00:00,10.819602789524932
2019-11-22 20:00:00,10.788539962738874
2019-11-22 21:00:00,10.758938664388985
2019-11-22 22:00:00,10.730507882099063
2019-11-22 23:00:00,10.703047307194518
2019-11-23 00:00:00,10.676418370644088
2019-11-23 01:00:00,10.650524507980105
2019-11-23 02:00:00,10.62529771504386
2019-11-23 03:00:00,10.60068939163058
2019-11-23 04:00:00,10.576664107658416
2019-11-23 05:00:00,10.560355565461624
2019-11-23 06:00:00,10.53524192138307
2019-11-23 07:00:00,10.511401650463764
2019-11-23 08:00:00,10.496009977340943
2019-11-23 09:00:00,10.471757528611752
2019-11-23 10:00:00,10.474350697230252
2019-11-23 11:00:00,10.462994408011056
2019-11-23 12:00:00,10.461206250700505
2019-11-23 13:00:00,10.464584238465264
2019-11-23 14:00:00,10.474386764556494
2019-11-23 15:00:00,10.815245052171408
2019-11-23 16:00:00,10.688375637072273
2019-11-23 17:00:00,10.595807231680114
2019-11-23 18:00:00,10.508320745521248
2019-11-23 19:00:00,10.447635395691092
2019-11-23 20:00:00,10.404997535848295
2019-11-23 21:00:00,10.374458280528527
2019-11-23 22:00:00,10.351979646378618
2019-11-23 23:00:00,10.334825263165568
